Name,Gender
Aaron_Ashmore,Male
Aaron_Boone,Male
Aaron_Carter,Male
Abby_Elliot,Female
Abigail_Breslin,Female
Adam_Arkin,Male
Adam_Baldwin,Male
Adam_Sandler,Male
Adele_Robbins,Female
Alan_Alda,Male
Alan_Arkin,Male
Alan_King,Male
Alan_Thicke,Male
Alana_Stewart,Female
Alec_Baldwin,Male
Alejandra_Guzman,Female
Alexa_Vega,Female
Alexander_Skansgard,Male
Alexandra_Paul,Female
Alicia_Silverstone,Female
Aliki_Vougiouklaki,Female
Alison_Eastwood,Female
Allan_Arbus,Male
Allison_Moorer,Female
Ally_Sheedy,Female
Alyson_Hannigan,Female
Alyson_Michalka,Female
Alyssa_Milano,Female
Alysson_Paradis,Female
Amanda_Aday,Female
Amanda_Anka,Female
Amanda_Bynes,Female
Amanda_Michalka,Female
Amanda_Plummer,Female
Amir_Arison,Male
Amy_Poehler,Female
Amy_Redford,Female
Amy_Sedaris,Female
Anderson_Cooper,Male
Andie_MacDowell,Female
Andreas_Jr_Papandreou,Male
Andreas_Papandreou,Male
Andrew_Daddo,Male
Andrew_James_Allen,Male
Andrew_Lawrence,Male
Andrew_Shue,Male
Andrew_Wilson,Male
Andy_Garcia,Male
Angelina_Jolie,Female
Anjelica_Huston,Female
Anna_Vissi,Female
Annabella_Sciorra,Female
Anne_Archer,Female
Anne_Bancroft,Female
Anne_Hathaway,Female
Anne_Meara,Female
Anne_Princess_Royal,Female
Annete_Funicello,Female
Annette_OToole,Female
Anthony_Edwards,Male
Anthony_Head,Male
Anthony_Hopkins,Male
Anthony_Shriver,Male
Archie_Manning,Male
Aristotle_Onassis,Male
Arlene_Dahl,Female
Armand_Assante,Male
Arnold_Schwarzenegger,Male
Ashlee_Simpson,Female
Ashley_Hamilton,Male
Ashley_Judd,Female
Ashley_Olsen,Female
Ashley_Tisdale,Female
Athina_Onassis,Female
Audrey_Hepburn,Female
Barbara_Bain,Female
Barbara_Bush,Female
Barbara_Hale,Female
Barbara_Pierce_Bush,Female
Barbara_Walters,Female
Barbra_Streisand,Female
Barry_Bostwick,Male
Barry_Chuckle,Male
Beau_Bridges,Male
Bebe_Buell,Female
Bella_Hadid,Female
Ben_Affleck,Male
Ben_Foster,Male
Ben_Savage,Male
Ben_Stiller,Male
Benedict_Cumberbatch,Male
Benji_Madden,Male
Bess_Armstrong,Female
Betsy_Randle,Female
Betty_White,Female
Beverly_Garland,Female
Bill_Clinton,Male
Bill_Dana,Male
Bill_Hicks,Male
Bill_Hudson,Male
Bill_Maher,Male
Bill_Murray,Male
Bill_Skansgard,Male
Billy_Barty,Male
Billy_Connoly,Male
Billy_Crystal,Male
Billy_Ray_Cyrus,Male
Billy_Zane,Male
Blythe_Danner,Female
Bo_Derek,Female
Bob_Balaban,Male
Bob_Boone,Male
Bob_Hope,Male
Bob_Newhart,Male
Bob_Saget,Male
Boban_Jankovic,Male
Bobby_Burgess,Male
Bobby_Shriver,Male
Brenda_Vaccaro,Female
Bret_Boone,Male
Brett_Butler,Female
Brian_Dennehy,Male
Brian_Doyle_Murray,Male
Bridget_Fonda,Female
Brigitte_Bardot,Female
Britney_Spears,Female
Brooke_Shields,Female
Brooklyn_Beckham,Male
Bruce_Altman,Male
Bruce_Dern,Male
Bruce_Willis,Male
Bruno_Amato,Male
Bryce_Dallas_Howard,Female
Buddy_Hackett,Male
Cambell_Scott,Male
Cameron_Daddo,Male
Cameron_Diaz,Female
Candance_Cameron,Female
Candice_Bergen,Female
Carl_Reiner,Male
Carlos_Alazraqui,Male
Carlos_Bardem,Male
Carlos_Bernard,Male
Carmen_Argenziano,Male
Carol_Burnett,Female
Caroline_Kennedy,Female
Carrie_Fisher,Female
Carrie_Hamilton,Female
Casey_Affleck,Male
Catherine_Deneuve,Female
Catherine_OHara,Female
Catherine_Zeta_Jones,Female
Cecily_Adams,Female
Celine_Dion,Female
Cesare_Maldini,Male
Chabeli_Iglesias,Female
Chad_Allen,Male
Chad_Lowe,Male
Charles_Prince_of_Wales,Male
Charlie_OConnell,Male
Charlie_Sheen,Male
Charlize_Theron,Female
Charlotte_Rae,Female
Chelsea_Clinton,Female
Chelsea_Handler,Female
Cher,Female
Cheryl_Holdridge,Female
Chevy_Chase,Male
Chiara_Mastroianni,Female
Chris_Elliot,Male
Chris_Hemsworth,Male
Chris_Larkin,Male
Chris_Penn,Male
Chris_Pine,Male
Christina_Aguilera,Female
Christina_Applegate,Female
Christina_Onassis,Female
Christina_Ricci,Female
Christopher_Abbott,Male
Christopher_Atkins,Male
Christopher_G_Kennedy,Male
Christopher_Nolan,Male
Christopher_Plummer,Male
Claude_Akins,Male
Cliff_Arquette,Male
Clint_Eastwood,Male
Clint_Howard,Male
Cole_Hauser,Male
Colin_Firth,Male
Colin_Hanks,Male
Conan_O_Brien,Male
Connie_Stevens,Female
Corbin_Allred,Male
Corbin_Bernsen,Male
Corey_Feldman,Male
Courteney_Cox,Female
Courtney_Thorne-Smith,Female
Craig_Anton,Male
Craig_Bierko,Male
Cristine_Rose,Female
Curtis_Armstrong,Male
Cybill_Shepherd,Female
Cynthia_Cleese,Female
Cynthia_Nixon,Female
Dakota_Fanning,Female
Dakota_Johnson,Female
Daley_Blind,Male
Dana_Ashbrook,Male
Daniel_Baldwin,Male
Daniel_Day_Lewis,Male
Danielle_Panabaker,Female
Dannii_Minogue,Female
Danny_Aiello,Male
Danny_Blind,Male
Danny_Huston,Male
Daryl_Hannah,Female
Dave_Annable,Male
Dave_Coulier,Male
Dave_Franco,Male
Dave_Gruber_Allen,Male
David_Andrews,Male
David_Arquette,Male
David_Beckham,Male
David_Brenner,Male
David_Carradine,Male
David_DeLuise,Male
David_Fleeshman,Male
David_Hewlett,Male
David_Hyde_Pierce,Male
David_Letterman,Male
David_Schwimmer,Male
David_Suchet,Male
David_Tom,Male
David_Troughton,Male
Dean_Martin,Male
Dean_Stockwell,Male
Debbie_Allen,Female
Debbie_Reynolds,Female
Deborah_Pratt,Female
Dedee_Pfeiffer,Female
Dee_Wallace,Female
Demi_Moore,Female
Denise_Richards,Female
Dennis_Miller,Male
Dennis_Quaid,Male
Desi_Arnaz,Male
Desi_Arnaz_Jr,Male
Diana_Rigg,Female
Diane_Franklin,Female
Diane_Ladd,Female
Diane_Keaton,Female
Dick_Cavett,Male
Dick_Van_Dyke,Male
Diedrich_Bader,Male
Diego_Maradona,Male
Diego_Sinagra,Male
Dimitrios_Giannakopoulos,Male
Dimitris_Papamichael,Male
Dirk_Benedict,Male
Dolly_Parton,Female
Dominik_Garcia_Lorido,Male
Don_Adams,Male
Don_Ameche,Male
Don_Grady,Male
Don_Rickles,Male
Don_Swayze,Male
Donald_Sutherland,Male
Donald_Trump,Male
Donald_Trump_Jr,Male
Donnie_Wahlberg,Male
Donovan_Leitch_Jr,Male
Dora_Bakoyannis,Female
Dragan_Sakota,Male
Drew_Barrymore,Female
Drew_Carey,Male
Dusan_Sakota,Male
Dylan_Baker,Male
Dylan_Penn,Female
Ed_Begley,Male
Ed_Begley_Jr,Male
Ed_Bishop,Male
Ed_McMahon,Male
Ed_ONeill,Male
Eddie_Albert,Male
Eddie_Fisher,Male
Eddie_Izzard,Male
Edward_Albert,Male
Edward_Fox,Male
Edward_M_Kennedy_Jr,Male
Elayne_Boosler,Female
Eleonora_Zouganeli,Female
Eli_Manning,Male
Elisabeth_Moss,Female
Elisabeth_Rohm,Female
Elisabeth_Shue,Female
Elizabeth_Ashley,Female
Elizabeth_Bracco,Female
Elizabeth_Dennehy,Female
Elizabeth_Montgomery,Female
Elizabeth_Olsen,Female
Elizabeth_Taylor,Female
Elle_Fanning,Female
Ellen_Degeneres,Female
Ellen_Travolta,Female
Elliott_Gould,Male
Elvis_Presley,Male
Emilia_Fox,Female
Emilio_Estevez,Male
Emily_Deschanel,Female
Emily_Hart,Female
Emily_Osment,Female
Emily_Robison,Female
Emma_Roberts,Female
Emma_Thompson,Female
Enrique_Iglesias,Male
Enya,Female
Enzo_Zidane,Male
Eric_Bogosian,Male
Eric_Roberts,Male
Eric_Trump,Male
Ernest_Borgnine,Male
Ethan_Coen,Male
Ethel_Kennedy,Female
Eunice_Kennedy_Shriver,Female
Eva_Amurri_Martino,Female
Eva_Marie_Saint,Female
Ever_Carradine,Female
F_Murray_Abraham,Male
Faye_Dunaway,Female
Fran_Drescher,Female
Frances_Bergen,Female
Francis_Ford_Coppola,Male
Frank_Adonis,Male
Frank_De_Boer,Male
Frank_Lampard,Male
Frank_Lampard_Sr,Male
Frank_Stallone,Male
Fred_Armisen,Male
Fred_Astaire,Male
Fred_Savage,Male
Freddie_Fox,Male
Garry_Shandling,Male
Gary_Busey,Male
Gary_Marshall,Male
Gary_Neville,Male
Geena_Davis,Female
Gena_Rowlands,Female
Gene_Barry,Male
Geoff_Stults,Male
Geoffrey_Arend,Male
George_Burns,Male
George_Bush_Jr,Male
George_Bush_Sr,Male
George_C_Scott,Male
George_Carlin,Male
George_Clooney,Male
George_Stults,Male
Georgia_Moffett,Female
Georgios_Papandreou,Male
Gerard_Depardieu,Male
Giannis_Zouganelis,Male
Giannis_Papamichael,Male
Giannis_Vardinogiannis,Male
Gigi_Hadid,Female
Gilbert_Gottfried,Male
Gillian_Anderson,Female
Ginger_Rogers,Female
Gloria_Vanderbilt,Female
Goldie_Hawn,Female
Grace_Gummer,Female
Guillaume_Depardieu,Male
Gustaf_Skansgard,Male
Guy_Stockwell,Male
GW_Bailey,Male
Gwyneth_Paltrow,Female
Haley_Joel_Osment,Male
Hallie_Kate_Eisenberg,Female
Harrison_Ford,Male
Harry_Redknapp,Male
Hayden_Panettiere,Female
Haylie_Duff,Female
Heather_Tom,Female
Helen_Hunt,Female
Helen_Slater,Female
Henry_Fonda,Male
Hilary_Benn,Male
Hilary_Duff,Female
Hillary_Clinton,Female
Holly_Hunter,Female
Hopper_Penn,Male
Howie_Mandel,Male
Hugh_Grant,Male
Hugh_Laurie,Male
Humphrey_Bogart,Male
India_Eisley,Female
Ingrid_Bergman,Female
Ioannis_Varvitsiotis,Male
Ione_Skye,Female
Isabella_Rossellini,Female
Ivanka_Trump,Female
Jack_Bannon,Male
Jack_Betts,Male
Jack_Osbourne,Male
Jack_Paar,Male
Jackie_Mason,Male
Jaclyn_Smith,Female
Jacqueline_Kennedy_Onassis,Female
Jake_Abel,Male
Jake_Busey,Male
Jake_Gyllenhaal,Male
James_Adomian,Male
James_Arness,Male
James_Best,Male
James_Broderick,Male
James_Brolin,Male
James_Caan,Male
James_Fox,Male
James_Franco,Male
James_McCartney,Male
James_Waterston,Male
Jami_Gertz,Female
Jamie_Lee_Curtis,Male
Jamie_Lynn_Spears,Female
Jamie_Redknapp,Male
Jane_Fonda,Female
Jane_Fonda,Female
Jane_Leeves,Female
Janeane_Garofalo,Female
Janet_Leigh,Female
Janine_Turner,Female
Jason_Alexander,Male
Jason_Bateman,Male
Jason_Biggs,Male
Jason_Connery,Male
Jason_Gould,Male
Jason_Schwartzman,Male
Jasper_Carrott,Male
Javier_Bardem,Male
Jay_Leno,Male
Jayne_Mansfield,Female
JC_Chasez,Male
Jean_Djorkaeff,Male
Jean_Kennedy_Smith,Female
Jeanne_Moreau,Female
Jeff_Allen,Male
Jeff_Bridges,Male
Jeniffer_Rubin,Female
Jenna_Bush_Hager,Female
Jennie_Garth,Female
Jennifer_Aniston,Female
Jennifer_Connelly,Female
Jennifer_Ehle,Female
Jennifer_Grey,Female
Jennifer_Morrison,Female
Jennifer_Tilly,Female
Jennifer_Tisdale,Female
Jenny_Berggren,Female
Jensen_Ackles,Male
Jeremy_Clarkson,Male
Jeremy_Irons,Male
Jerry_Lee_Lewis,Male
Jerry_Lewis,Male
Jerry_OConnell,Male
Jerry_Seinfeld,Male
Jerry_Stiller,Male
Jerry_Van_Dyke,Male
Jesse_Borrego,Male
Jesse_Eisenberg,Male
Jessica_Simpson,Female
Jessica_Tuck,Female
Jillian_Hervey,Female
Jim_Bannon,Male
Jim_Belushi,Male
Jim_Carrey,Male
Jim_Youngs,Male
Jimmy_Carter,Male
Joan_Allen,Female
Joan_Cusack,Female
Joan_Fontaine,Female
Joan_Rivers,Female
Joaquin_Phoenix,Male
Jodi_Lyn_OKeefe,Female
Jodie_Foster,Female
Joe_Don_Baker,Male
Joe_Jonas,Male
Joel_Coen,Male
Joel_Grey,Male
Joel_Madden,Male
Joel_Murray,Male
Joely_Fisher,Female
Joely_Richardson,Female
Joey_Bishop,Male
Joey_Lawrence,Male
John_Agar,Male
John_Allen_Astin,Male
John_Aniston,Male
John_Badham,Male
John_Barrowman,Male
John_Belushi,Male
John_Cassavetes,Male
John_Cleese,Male
John_Cusack,Male
John_Drew_Barrymore,Male
John_F_Kennedy,Male
John_Goodman,Male
John_Huston,Male
John_Lennon,Male
John_Mahoney,Male
John_Mallory_Asher,Male
John_McCain,Male
John_Murray,Male
John_Patrick_Amedori,Male
John_Savage,Male
John_Stamos,Male
John_Suchet,Male
John_Travolta,Male
Johnny_Carson,Male
Johnny_Depp,Male
Johnny_Hallyday,Male
Jon_Abrahams,Male
Jon_Bon_Jovi,Male
Jon_Foster,Male
Jon_Voight,Male
Jonanthan_Nolan,Male
Jonas_Berggren,Male
Jonathan_Banks,Male
Jonathan_Firth,Male
Jonathan_Winters,Male
Jools_Holland,Male
Joseph_Fiennes,Male
Joseph_P_Kennedy_II,Male
Joseph_P_Kennedy_III,Male
Josh_Brolin,Male
Joyce_Bulifant,Female
Joyce_DeWitt,Female
Judd_Apatow,Male
Judy_Garland,Female
Julia_Louis_Dreyfus,Female
Julia_Roberts,Female
Julia_Sawalha,Female
Julian_Lennon,Male
Julianna_Margulies,Female
Julianne_Moore,Female
Julie_Andrews,Female
Julie_Depardieu,Female
Julie_Piekarski,Female
Juliet_Landau,Female
Julio_Iglesias,Male
Julio_Iglesias_Jr,Male
Justin_Bieber,Male
Justin_Timberlake,Male
Justine_Bateman,Female
Kara_Kennedy,Female
Kasper_Schmeichel,Male
Kate_Burton,Female
Kate_Hewlett,Female
Kate_Hudson,Female
Kate_Mara,Female
Kate_Walsh,Female
Katey_Sagal,Female
Katherine_Schwarzenegger,Female
Katherine_Waterston,Female
Kathleen_Kennedy_Townsend,Female
Kathleen_Turner,Female
Kathy_Bates,Female
Kathy_Hilton,Female
Katie_Couric,Female
Kay_Panabaker,Female
Keira_Knightley,Female
Keith_Allen,Male
Keith_Carradine,Male
Kellie_Martin,Female
Kelly_Osbourne,Female
Kelly_Ripa,Female
Kelly_Rutherford,Female
Kelsey_Grammer,Male
Ken_Berry,Male
Kendall_Jenner,Female
Keri_Russell,Female
Kerry_Kennedy,Female
Kevin_Alejandro,Male
Kevin_Bacon,Male
Kevin_Dillon,Male
Kevin_Jonas,Male
Kevin_Spacey,Male
Khloe_Kardhashian,Female
Kiefer_Sutherland,Male
Kieran_Culkin,Male
Kim_Basinger,Female
Kim_Cattrall,Female
Kim_Kardhashian,Female
Kim_Raver,Female
Kim_Richards,Female
Kirk_Acevedo,Male
Kirk_Cameron,Male
Kirk_Douglas,Male
Kirstie_Alley,Female
Konstantinos_Mitsotakis,Male
Kourtney_Kardhashian,Female
Kris_Jenner,Female
Kristin_Davies,Female
Kyle_Richards,Female
Kylie_Jenner,Female
Kylie_Minogue,Female
Kyriakos_Mitsotakis,Male
Larry_Bishop,Male
Larry_King,Male
Lars_Mikkelsen,Male
Laura_Bush,Female
Laura_Dern,Female
Laura_San_Giacomo,Female
Laura_Smet,Female
Laurie_Metcalf,Female
Lea_Thompson,Female
Lee_Meriwether,Female
Lenny_Kravitz,Male
Leonardo_Di_Caprio,Male
Lesley_Ann_Warren,Female
Lewis_Arquette,Male
Liam_Gallagher,Male
Liam_Hemsworth,Male
Lili_Taylor,Female
Lily_Allen,Female
Lily_Rose_Depp,Female
Lily_Tomlin,Female
Linda_Gail_Lewis,Female
Linda_Purl,Female
Linden_Ashby,Male
Lindsay_Lohan,Female
Lindsay_Wagner,Female
Linn_Berggren,Female
Lisa_Kudrow,Female
Lisa_Marie_Presley,Female
Lisa_Whelchel,Female
Lisa_Zane,Female
Liv_Tyler,Female
Liz_Vassey,Female
Liza_Minelli,Female
Lloyd_Bridges,Male
Lochie_Daddo,Male
Lonnie_Burr,Male
Lorenzo_Lamas,Male
Lori_Loughlin,Female
Lori_Singer,Female
Lorraine_Bracco,Female
Louis_CK,Male
Lucie_Arnaz,Female
Lucille_Ball,Female
Lucy_Davis,Female
Luke_Hemsworth,Male
Luke_Wilson,Male
Lynn_Redgrave,Female
Macaulay_Culkin,Male
Mackenzie_Astin,Male
Madeleine_Stowe,Female
Madeline_Zima,Female
Madonna,Female
Mads_Mikkelsen,Male
Maggie_Gyllenhaal,Female
Maggie_Smith,Female
Majandra_Delfino,Female
Mamie_Gummer,Female
Mamie_Van_Doren,Female
Marc_Anthony,Male
Marc_Singer,Male
Marcello_Mastroianni,Male
Marcia_Wallace,Female
Marcus_Chong,Male
Margaret_Papandreou,Female
Margaux_Hemingway,Female
Maria_Bamford,Female
Maria_Shriver,Female
Mariah_Carey,Female
Marianna_Vardinogianni,Female
Marieh_Delfino,Female
Mariel_Hemingway,Female
Marina_Sirtis,Female
Marisa_Tomei,Female
Mariska_Hargitay,Female
Mark_Shriver,Male
Mark_Wahlberg,Male
Marlon_Brando,Male
Martha_Plimpton,Female
Martha_Stewart,Female
Martie_Maguire,Female
Martin_Balsam,Male
Martin_Landau,Male
Martin_Sheen,Male
Mary_Badham,Female
Mary_Kate_Olsen,Female
Mary_McCartney,Female
Mary_Steenburgen,Female
Matt_Adler,Male
Matt_Dillon,Male
Matt_LeBlanc,Male
Matthew_Broderick,Male
Matthew_Lawrence,Male
Matthew_Perry,Male
Matthildi_Magira,Female
Maura_Tierney,Female
Maureen_OHara,Female
Max_Brooks,Male
Max_Irons,Male
Max_Kennedy,Male
Meg_Foster,Female
Meg_Ryan,Female
Meg_Tilly,Female
Mel_Brooks,Male
Melanie_Griffith,Female
Melanie_Shatner,Female
Melissa_George,Female
Melissa_Gilbert,Female
Melissa_Joan,Female
Melora_Walters,Female
Meredith_Baxter,Female
Meryl_Streep,Female
Mia_Farrow,Female
Michael_Angarano,Male
Michael_Badalucco,Male
Michael_Biehn,Male
Michael_DeLuise,Male
Michael_Douglas,Male
Michael_Lee_Aday,Male
Michael_Madsen,Male
Michael_Reagan,Male
Michelle_Pfeiffer,Female
Michelle_Phillips,Female
Michelle_Rodriguez,Female
Mickey_Hargitay,Male
Mickey_Rooney,Male
Mickey_Rooney_Jr,Male
Miguel_Ferrer,Male
Mike_Binder,Male
Mikhail_Baryshnikov,Male
Miley_Cyrus,Female
Milla_Jovovich,Female
Miltiadis_Varvitsiotis,Male
Milton_Berle,Male
Mindy_Feldman,Female
Mira_Sorvino,Female
Moja_Brennan,Female
Molly_Ringwald,Female
Molly_Sims,Female
Monica_Bellucci,Female
Mort_Sahl,Male
Mpeti_Magira,Female
Murray_Head,Male
Nadia_Sawalha,Female
Nana_Visitor,Female
Nancy_Allen,Female
Nancy_Reagan,Female
Naomi_Judd,Female
Nat_King_Cole,Male
Natalie_Appleton,Female
Natalie_Cole,Female
Natalie_Portman,Female
Natalie_Wood,Female
Natasha_Gregson_Wagner,Female
Natasha_Richardson,Female
Ned_Beatty,Male
Niamh_Cusack,Female
Nicholle_Tom,Female
Nick_Carter,Male
Nick_Cassavetes,Male
Nick_Clooney,Male
Nick_Jonas,Male
Nicky_Hilton,Female
Nicole_Appleton,Female
Niki_DeLoach,Female
Nikos_Karvelas,Male
Nikos_Papandreou,Male
Nina_Conti,Female
Noel_Gallagher,Male
Ntinos_Karidis,Male
Oliver_Hudson,Male
Olivia_de_Havilland,Female
Olivia_Hussey,Female
Olivia_Wilde,Female
Omid_Abtahi,Male
Orson_Bean,Male
Owen_Wilson,Male
Ozzy_Osbourne,Male
Pamela_Reed,Female
Paolo_Maldini,Male
Paris_Hilton,Female
Pat_Cooper,Male
Patricia_Arquette,Female
Patrick_J_Kennedy,Male
Patrick_Schwarzenegger,Male
Patrick_Swayze,Male
Patrick_Troughton,Male
Patti_Davis,Female
Pattie_Mallette,Female
Patty_Duke,Female
Paul_Adelstein,Male
Paul_Anka,Male
Paul_Ben-Victor,Male
Paul_Chuckle,Male
Paul_McCartney,Male
Paul_Petersen,Male
Paul_Reiser,Male
Paul_Rudd,Male
Paul_Sorvino,Male
Paula_Poundstone,Female
Pavlos_Giannakopoulos,Male
Pedro_Armendariz,Male
Pedro_Armendariz_Jr,Male
Peggy_Lipton,Female
Penn_Badgley,Male
Penny_Marshall,Female
Peri_Gilpin,Female
Peter_Berg,Male
Peter_Billingsley,Male
Peter_Davison,Male
Peter_DeLuise,Male
Peter_Fonda,Male
Peter_Graves,Male
Peter_Schmeichel,Male
Peter_Woodward,Male
Petros_Kokkalis,Male
Peyton_Manning,Male
Phil_Neville,Male
Philip_Seymour_Hoffman,Male
Phylicia_Rashad,Female
Phyllida_Law,Female
Phyllis_Diller,Female
Pierce_Brosnan,Male
Pilar_Bardem,Female
Powers_Booth,Male
Prince_Andrew_Duke_of_York,Male
Prince_Edward_Earl_of_Wessex,Male
Prince_Harry,Male
Prince_Williams,Male
Princess_Diana,Female
Prunella_Scales,Female
Queen_Elizabeth_II,Female
Quincy_Jones,Male
Rachel_Nichols,Female
Rachel_Stirling,Female
Rae_Dawn_Chong,Female
Rafael_Bardem,Male
Rafe_Spall,Male
Rain_Phoenix,Female
Ralph_Fiennes,Male
Rance_Howard,Male
Randy_Quaid,Male
Raquel_Welch,Female
Rashida_Jones,Female
Ray_Romano,Male
Raymond_J_Barry,Male
Red_Buttons,Male
Reese_Witherspoon,Female
Regis_Philbin,Male
Remy_Auberjonois,Male
Rene_Auberjonois,Male
Rene_Russo,Female
Renee_Zellweger,Female
RG_Armstrong,Male
Richard_Belzer,Male
Richard_Beymer,Male
Richard_Dean_Anderson,Male
Richard_Fleeshman,Male
Richard_Gere,Male
Richmond_Arquette,Male
Ridley_Scott,Male
Rita_Moreno,Female
River_Phoenix,Male
Rob_Kardhashian,Male
Rob_Lowe,Male
Rob_Reiner,Male
Robbi_Chong,Female
Robby_Benson,Male
Robert_Alda,Male
Robert_Beltran,Male
Robert_Blake,Male
Robert_Carradine,Male
Robert_Duvall,Male
Robert_F_Kennedy,Male
Robert_F_Kennedy_Jr,Male
Robert_Klein,Male
Robert_Montgomery,Male
Robert_Pine,Male
Robert_Redford,Male
Robert_Stephens,Male
Robin_Thicke,Male
Robin_Tunney,Female
Robin_Williams,Male
Robin_Wright,Female
Rodney_Dangerfield,Male
Roger_Bart,Male
Ron_Howard,Male
Ron_Reagan,Male
Rona_Barrett,Female
Ronald_De_Boer,Male
Ronald_Reagan,Male
Ronan_Farrow,Male
Rooney_Mara,Female
Rory_Culkin,Male
Rory_Kennedy,Female
Rosanna_Arquette,Female
Rose_Schlossberg,Female
Roseanne_Barr,Female
Rosemary_Clooney,Female
Rosemary_Harris,Female
Rossif_Sutherland,Male
Rowan_Atkinson,Male
Roxie_Roker,Female
Royce_D_Applegate,Male
Rumer_Willis,Female
Ryan_Alosio,Male
Ryan_Gosling,Male
Ryan_ONeil,Male
Sachi_Parker,Female
Sam_Behrens,Male
Sam_Troughton,Male
Sam_Waterston,Male
Samuel_West,Male
Sandra_Bernard,Female
Sandra_Bullock,Female
Sara_Gilbert,Female
Sarah_Jessica_Parker,Female
Sarah_Michelle_Gellar,Female
Sarah_Silverman,Female
Scarlett_Johansson,Female
Schuyler_Fisk,Female
Scott_Adsit,Male
Scott_Baio,Male
Scott_Bakula,Male
Scott_Caan,Male
Scott_Eastwood,Male
Sean_Astin,Male
Sean_Brosnan,Male
Sean_Connery,Male
Sean_Penn,Male
Seth_Adkins,Male
Sharon_Baird,Female
Sharon_Osbourne,Female
Sharon_Stone,Female
Shelby_Lynne,Female
Shelley_Berman,Male
Sherry_Alberoni,Female
Sheryl_Lee,Female
Shirley_Douglas,Female
Shirley_MacLaine,Female
Sigourney_Weaver,Female
Silvia_Pinal,Female
Sinead_Cusack,Female
Sissy_Spacek,Female
Smaragda_Karidi,Female
Sofia_Coppola,Female
Sofia_Karvela,Female
Sofia_Papandreou,Female
Sofia_Vergara,Female
Sokratis_Kokkalis,Male
Sophie_Thompson,Female
Spencer_Breslin,Male
Stelios_Dionisiou,Male
Stella_McCartney,Female
Stephen_Baldwin,Male
Steve_Agee,Male
Steve_Allen,Male
Steve_Carell,Male
Steve_Martin,Male
Steven_Bauer,Male
Steven_Tyler,Male
Steven_Wright,Male
Stevie_Nicks,Female
Sting,Male
Stratos_Dionisiou,Male
Summer_Phoenix,Female
Susan_Saint_James,Female
Susan_Sarandon,Female
Swawn_Ashmore,Male
Sylvester_Stallone,Male
Sylvia_Pasquel,Female
Taissa_Farmiga,Female
Talia_Balsam,Female
Talia_Shire,Female
Tamasin_Day_Lewis,Female
Tanya_Roberts,Female
Tatum_ONeill,Female
Tea_Leoni,Female
Ted_Kennedy,Male
Teri_Garr,Female
Thanasis_Giannakopoulos,Male
Thibaut_Courtois,Male
Thierry_Roussel,Male
Tiffani_Thiessen,Female
Tim_Allen,Male
Tim_Daly,Male
Tim_Robbins,Male
Tim_Rooney,Male
Tim_Woodward,Male
Timothy_Shriver,Male
Timothy_Spall,Male
Tina_Fey,Female
Tippi_Hedren,Female
Tobin_Bell,Male
Toby_Stephens,Male
Tom_Aldredge,Male
Tom_Amandes,Male
Tom_Arnold,Male
Tom_Berenger,Male
Tom_Conti,Male
Tom_Hanks,Male
Tom_Snyder,Male
Tomas_Arana,Male
Tommy_Chong,Male
Tony_Lucca,Male
Tonny_Scott,Male
Tony_Benn,Male
Tony_Curtis,Male
Troian_Bellisario,Female
Troy_Garity,Male
Tyne_Daly,Female
Uma_Thurman,Female
Valerie_Courtois,Female
Vanessa_Paradis,Female
Vanessa_Redgrave,Female
Vanessa_Williams,Female
Vanessa_Zima,Female
Vera_Farmiga,Female
Vicki_Lawrence,Female
Victor_Garber,Male
Victoria_Beckham,Female
Virginia_Madsen,Female
Vladimir_Jankovic,Male
Wally_Boag,Male
Wanda_Ventham,Female
Warren_Beatty,Male
Wes_Bentley,Male
Will_Knightley,Male
William_Atherton,Male
William_Baldwin,Male
William_Daniels,Male
William_Kennedy_Smith,Male
William_Shatner,Male
Willie_Aames,Male
Wings_Hauser,Male
Winona_Ryder,Female
Wynonna_Judd,Female
Xander_Berkeley,Male
Yancey_Arias,Male
Yolanda_Hadid,Female
Youri_Djorkaeff,Male
Yvonne_Zima,Female
Zinedine_Zidane,Male
Zoe_Cassavetes,Female
Zoey_Deschanel,Female
